"text","category"
"Indian breakfast simple cooking idea with easy instructions","Food"
"Everything about Call of Duty: review for beginners","Gaming"
"Complete pizza easy recipe for beginners. Practical tips and useful information.","Food"
"role playing games: beginner guide with a complete guide","Gaming"
"Europe destination guide on a budget","Travel"
"Paris: travel documentary on a budget","Travel"
"Complete home workout routine for beginners","Fitness"
"Ultimate Minecraft tips and tricks for competitive players. Practical tips and useful information.","Gaming"
"sandwich explained: easy recipe with simple ingredients","Food"
"chocolate cake 15 minute recipe for a quick dinner. Practical tips and useful information.","Food"
"color combinations: fashion tips on a budget","Fashion"
"Learn Valorant with this review with tips and tricks","Gaming"
"Everything about chicken recipe: simple cooking idea for busy days","Food"
"Complete competitive gaming review for competitive players","Gaming"
"Best virtual reality technology explained with real examples","Technology"
"Learn color combinations with this outfit ideas for college students","Fashion"
"office outfits: lookbook for a modern look","Fashion"
"artificial intelligence: technology guide with real examples","Technology"
"generative AI: latest trends for everyday users. Practical tips and useful information.","Technology"
"Best gym workout workout challenge at home. Practical tips and useful information.","Fitness"
"Everything about healthy fitness habits: exercise guide without equipment. Practical tips and useful information.","Fitness"
"Complete mountain destinations destination guide for solo travelers. Practical tips and useful information.","Travel"
"Complete future technology technology explained in 2026","Technology"
"Learn cybersecurity with this study guide from scratch","Education"
"Learn movie trailers with this analysis with spoilers. Practical tips and useful information.","Entertainment"
"Learn fashion styling with this wardrobe guide for college students. Practical tips and useful information.","Fashion"
"machine learning explained: complete guide for college students","Education"
"Best SQL concept explanation from scratch","Education"
"Everything about programming fundamentals: hands-on tutorial with coding exercises","Education"
"Complete summer fashion wardrobe guide for a modern look","Fashion"
"Complete music videos recommendation you should watch. Practical tips and useful information.","Entertainment"
"Complete flexibility training fitness tutorial for building strength. Practical tips and useful information.","Fitness"
"PC gaming explained: setup guide for new players","Gaming"
"morning yoga explained: fitness tutorial for busy people. Practical tips and useful information.","Fitness"
"Ultimate laptops technology explained and what it means for the future","Technology"
"Complete rice recipe easy recipe without an oven","Food"
"Learn data science with this complete guide with coding exercises. Practical tips and useful information.","Education"
"Ultimate cloud technology comparison for everyday users. Practical tips and useful information.","Technology"
"Learn movie reviews with this news update with spoilers","Entertainment"
"Complete Kerala destination review with a complete itinerary. Practical tips and useful information.","Travel"
"Learn biryani with this healthy recipe with simple ingredients","Food"
"Everything about Rajasthan: budget travel guide with local tips. Practical tips and useful information.","Travel"
"Complete multiplayer games game analysis with a complete guide","Gaming"
"Ultimate muscle building routine for a healthy lifestyle","Fitness"
"game releases tips and tricks with the best settings. Practical tips and useful information.","Gaming"
"Ultimate breakfast ideas traditional recipe without an oven","Food"
"new movies top picks of the year","Entertainment"
"discrete mathematics complete guide from scratch","Education"
"Learn functional training with this workout challenge for a healthy lifestyle. Practical tips and useful information.","Fitness"
"Best Delhi trip planning guide with local tips","Travel"
"Learn Netflix series with this interview without spoilers. Practical tips and useful information.","Entertainment"
"entertainment news explained: interview with spoilers. Practical tips and useful information.","Entertainment"
"Complete college outfits fashion tips for beginners","Fashion"
"Learn AI tools with this innovation report for everyday users","Technology"
"healthy fitness habits: beginner session for busy people","Fitness"
"Ultimate dessert cooking tutorial with simple ingredients","Food"
"Ultimate survival games gaming tutorial with the best settings. Practical tips and useful information.","Gaming"
"abs workout workout challenge for a healthy lifestyle","Fitness"
"cybersecurity: project tutorial for interview preparation","Education"
"weekend trips explained: trip planning guide with local tips. Practical tips and useful information.","Travel"
"Complete computer networks study guide with coding exercises","Education"
"Best homemade burger traditional recipe for busy days","Food"
"fitness motivation fitness tips without equipment","Fitness"
"Best pizza 15 minute recipe with simple ingredients. Practical tips and useful information.","Food"
"Learn SQL with this project tutorial with practical examples. Practical tips and useful information.","Education"
"Ultimate office outfits fashion haul for beginners","Fashion"
"baking explained: cooking tutorial for busy days. Practical tips and useful information.","Food"
"data science explained: complete guide for college students. Practical tips and useful information.","Education"
"Best new movies news update without spoilers","Entertainment"
"Everything about 5G technology: product review for everyday users","Technology"
"Everything about cybersecurity technology: technology guide explained simply. Practical tips and useful information.","Technology"
"Ultimate automation industry update in the real world","Technology"
"Complete popular songs discussion with spoilers","Entertainment"
"Best action movies recommendation with spoilers","Entertainment"
"Best Fortnite game analysis with tips and tricks","Gaming"
"Best multiplayer games beginner guide with tips and tricks. Practical tips and useful information.","Gaming"
"Ultimate compiler design practice session for beginners","Education"
"Ultimate Netflix series trailer with spoilers","Entertainment"
"Learn beginner fitness with this fitness tips step by step","Fitness"
"Everything about multiplayer games: beginner guide for beginners. Practical tips and useful information.","Gaming"
"Complete C programming concept explanation step by step","Education"
"minimalist fashion explained: style guide with affordable pieces. Practical tips and useful information.","Fashion"
"Everything about cloud computing: tutorial for beginners. Practical tips and useful information.","Education"
"strength training: exercise guide for beginners. Practical tips and useful information.","Fitness"
"Ultimate Bollywood movies recommendation of the year","Entertainment"
"Learn Paris with this trip planning guide for first-time visitors. Practical tips and useful information.","Travel"
"Everything about Kerala: trip planning guide for your next vacation","Travel"
"vegetarian recipe explained: healthy recipe on a budget","Food"
"Best cybersecurity full course for interview preparation","Education"
"Best India budget travel guide on a budget. Practical tips and useful information.","Travel"
"Complete fitness motivation fitness tutorial step by step","Fitness"
"Everything about fitness motivation: workout for busy people","Fitness"
"home workout: beginner session for a healthy lifestyle. Practical tips and useful information.","Fitness"
"Best film analysis interview without spoilers","Entertainment"
"Complete database management complete guide for beginners","Education"
"Best game releases beginner guide with a complete guide","Gaming"
"Learn open world games with this walkthrough with the best settings","Gaming"
"chocolate cake: step by step recipe at home. Practical tips and useful information.","Food"
"virtual reality explained: technology news you should know. Practical tips and useful information.","Technology"
"Learn Paris with this travel guide on a budget","Travel"
"Best flexibility training workout at home","Fitness"
"software technology: hands-on review in 2026","Technology"
"Everything about Valorant: tips and tricks with the best settings. Practical tips and useful information.","Gaming"
"Ultimate Fortnite game analysis with the best settings. Practical tips and useful information.","Gaming"
"movie reviews: analysis for movie fans","Entertainment"
"Everything about movie recommendations: review without spoilers. Practical tips and useful information.","Entertainment"
"Everything about algorithms: exam preparation step by step","Education"
"data science study guide for college students. Practical tips and useful information.","Education"
"Complete robotics technology news in the real world","Technology"
"Learn jeans styling with this outfit inspiration for beginners","Fashion"
"weekend entertainment: review of the year. Practical tips and useful information.","Entertainment"
"Learn formal outfits with this fashion haul for everyday wear","Fashion"
"Learn Fortnite with this gameplay for competitive players","Gaming"
"Ultimate streetwear wardrobe guide step by step","Fashion"
"Netflix series explained: trailer for movie fans. Practical tips and useful information.","Entertainment"
"Complete accessories lookbook for the new season","Fashion"
"bodyweight exercises explained: workout challenge for beginners","Fitness"
"healthy dinner easy recipe with easy instructions. Practical tips and useful information.","Food"
"color combinations explained: outfit ideas for beginners. Practical tips and useful information.","Fashion"
"Complete Indian curry simple cooking idea with easy instructions","Food"
"Indian curry homemade recipe with easy instructions. Practical tips and useful information.","Food"
"Learn gaming setup with this setup guide with a complete guide","Gaming"
"gaming accessories: beginner guide for new players","Gaming"
"Everything about home workout: fitness tips for building strength","Fitness"
"Best Dubai travel tips with local tips","Travel"
"Best JavaScript hands-on tutorial with practical examples","Education"
"gaming accessories tips and tricks with the best settings","Gaming"
"Best operating systems tutorial for interview preparation. Practical tips and useful information.","Education"
"Complete multiplayer games gameplay for competitive players","Gaming"
"Best gaming laptops setup guide with tips and tricks","Gaming"
"Learn beginner fitness with this fitness tips with proper form","Fitness"
"multiplayer games explained: review in 2026","Gaming"
"role playing games: walkthrough with tips and tricks. Practical tips and useful information.","Gaming"
"Ultimate gym workout routine for busy people","Fitness"
"algorithms explained: concept explanation step by step. Practical tips and useful information.","Education"
"Everything about computer networks: lecture with real projects. Practical tips and useful information.","Education"
"Learn competitive gaming with this walkthrough in 2026","Gaming"
"Best cardio workout exercise guide with proper form. Practical tips and useful information.","Fitness"
"Everything about healthy fitness habits: training plan step by step. Practical tips and useful information.","Fitness"
"competitive gaming: gaming news in 2026","Gaming"
"Ultimate electric vehicles hands-on review you should know","Technology"
"Ultimate home workout training plan at home","Fitness"
"Complete GTA game analysis you should try","Gaming"
"Ultimate baking homemade recipe for beginners","Food"
"Everything about PC gaming: review for beginners","Gaming"
"dessert: 15 minute recipe for a quick dinner","Food"
"Complete India travel vlog with places to visit","Travel"
"Complete quick snacks healthy recipe without an oven. Practical tips and useful information.","Food"
"Everything about game walkthroughs: setup guide with the best settings. Practical tips and useful information.","Gaming"
"Ultimate smartphones technology guide in 2026","Technology"
"Ultimate web series interview without spoilers. Practical tips and useful information.","Entertainment"
"workout routine fitness tutorial for a healthy lifestyle. Practical tips and useful information.","Fitness"
"Best internet technology industry update you should know","Technology"
"Best Xbox games gaming news with the best settings","Gaming"
"Best emerging technologies technology explained you should know","Technology"
"Everything about pizza: homemade recipe for a quick dinner","Food"
"Everything about chicken recipe: simple cooking idea for beginners. Practical tips and useful information.","Food"
"Ultimate healthy salad cooking tutorial with easy instructions. Practical tips and useful information.","Food"
"Ultimate gaming setup game analysis with the best settings. Practical tips and useful information.","Gaming"
"smartphones future predictions for everyday users. Practical tips and useful information.","Technology"
"Learn easy lunch with this step by step recipe without an oven. Practical tips and useful information.","Food"
"Everything about SQL: concept explanation step by step. Practical tips and useful information.","Education"
"Indian breakfast 15 minute recipe without an oven","Food"
"Everything about virtual reality: future predictions in the real world","Technology"
"Everything about abs workout: training session without equipment. Practical tips and useful information.","Fitness"
"Learn Kerala with this destination guide on a budget","Travel"
"Everything about dessert: traditional recipe with easy instructions","Food"
"Complete homemade burger homemade recipe on a budget","Food"
"Valorant walkthrough with a complete guide. Practical tips and useful information.","Gaming"
"Best Singapore budget travel guide with local tips","Travel"
"emerging technologies: technology explained with real examples","Technology"
"Ultimate mobile games beginner guide with a complete guide","Gaming"
"movie trailers: watchlist for movie fans. Practical tips and useful information.","Entertainment"
"Java programming: study guide step by step. Practical tips and useful information.","Education"
"Everything about mountain destinations: tourist guide for first-time visitors","Travel"
"Ultimate C programming study guide with practical examples","Education"
"Ultimate Bollywood movies review without spoilers. Practical tips and useful information.","Entertainment"
"Everything about breakfast ideas: simple cooking idea for beginners","Food"
"Call of Duty: beginner guide with the best settings. Practical tips and useful information.","Gaming"
"Ultimate everyday fashion lookbook for everyday wear. Practical tips and useful information.","Fashion"
"Learn beginner fitness with this exercise tutorial at home","Fitness"
"Best Hollywood movies recommendation for movie fans. Practical tips and useful information.","Entertainment"
"Best cloud technology latest trends you should know. Practical tips and useful information.","Technology"
"Delhi: destination guide on a budget","Travel"
"Everything about cloud computing: hands-on tutorial from scratch","Education"
"competitive gaming: gameplay you should try","Gaming"
"Everything about Kerala: tourist guide for your next vacation","Travel"
"bodyweight exercises explained: fitness tips for building strength","Fitness"
"Netflix series explained: news update this week","Entertainment"
"5G technology explained: innovation report for everyday users","Technology"
"software engineering explained: project tutorial from scratch","Education"
"Learn Valorant with this review for beginners","Gaming"
"Thailand explained: tourist guide for solo travelers","Travel"
"Learn jeans styling with this trend report with affordable pieces. Practical tips and useful information.","Fashion"
"Best gaming accessories review for new players","Gaming"
"Learn capsule wardrobe with this outfit inspiration step by step","Fashion"
"Learn internet technology with this technology explained explained simply. Practical tips and useful information.","Technology"
"gaming PCs walkthrough with tips and tricks. Practical tips and useful information.","Gaming"
"Complete Valorant gaming news with tips and tricks","Gaming"
"Everything about flexibility training: training session for building strength. Practical tips and useful information.","Fitness"
"Best fashion trends fashion haul for a modern look","Fashion"
"Everything about artificial intelligence: latest trends you should know. Practical tips and useful information.","Technology"
"gaming accessories gaming tutorial for new players","Gaming"
"Everything about competitive gaming: gaming tutorial you should try. Practical tips and useful information.","Gaming"
"database management complete guide with practical examples","Education"
"Learn weight loss with this workout challenge step by step. Practical tips and useful information.","Fitness"
"Learn pizza with this traditional recipe for beginners","Food"
"Best international travel destination guide for a weekend trip","Travel"
"Complete cybersecurity technology innovation report with real examples. Practical tips and useful information.","Technology"
"computer networks: tutorial for college students. Practical tips and useful information.","Education"
"Ultimate dessert cooking tutorial at home. Practical tips and useful information.","Food"
"Learn data structures with this exam preparation step by step","Education"
"Ultimate JavaScript lecture for interview preparation. Practical tips and useful information.","Education"
"AI tools explained: product review and what it means for the future. Practical tips and useful information.","Technology"
"Best stretching routine workout challenge step by step. Practical tips and useful information.","Fitness"
"functional training: training plan for beginners","Fitness"
"quick snacks explained: step by step recipe for beginners","Food"
"Everything about muscle building: training plan with proper form. Practical tips and useful information.","Fitness"
"Everything about streetwear: styling guide with affordable pieces","Fashion"
"Complete film analysis top picks with spoilers. Practical tips and useful information.","Entertainment"
"Learn artificial intelligence with this innovation report in 2026","Technology"
"Complete gym workout workout challenge with proper form","Fitness"
"Everything about stretching routine: exercise guide with proper form. Practical tips and useful information.","Fitness"
"Ultimate GTA gameplay in 2026","Gaming"
"Everything about weight loss: fitness tips for beginners","Fitness"
"Learn music videos with this analysis with spoilers","Entertainment"
"Ultimate baking step by step recipe with easy instructions","Food"
"Learn Singapore with this itinerary for solo travelers. Practical tips and useful information.","Travel"
"pasta: easy recipe for beginners. Practical tips and useful information.","Food"
"sandwich: cooking tutorial for a quick dinner","Food"
"Learn romantic movies with this top picks for the weekend","Entertainment"
"romantic movies: review you should watch. Practical tips and useful information.","Entertainment"
"healthy dinner step by step recipe with easy instructions. Practical tips and useful information.","Food"
"Everything about noodle recipe: beginner cooking guide for beginners. Practical tips and useful information.","Food"
"upper body workout: fitness tips step by step","Fitness"
"Learn everyday fashion with this outfit ideas for a modern look. Practical tips and useful information.","Fashion"
"Everything about Paris: travel vlog on a budget","Travel"
"technology trends: technology news for beginners","Technology"
"Best cardio workout workout challenge for a healthy lifestyle","Fitness"
"office outfits explained: outfit inspiration step by step","Fashion"
"breakfast ideas cooking tutorial without an oven","Food"
"Python programming explained: project tutorial for interview preparation. Practical tips and useful information.","Education"
"Best quick snacks cooking tutorial with simple ingredients. Practical tips and useful information.","Food"
"GTA: walkthrough with the best settings","Gaming"
"Ultimate Indian curry step by step recipe without an oven. Practical tips and useful information.","Food"
"Complete music releases discussion for movie fans. Practical tips and useful information.","Entertainment"
"beginner fitness explained: exercise tutorial step by step","Fitness"
"morning yoga workout challenge with proper form","Fitness"
"Everything about mobile games: gaming tutorial with the best settings. Practical tips and useful information.","Gaming"
"Everything about movie reviews: watchlist this week","Entertainment"
"Ultimate party outfits fashion tips for the new season","Fashion"
"compiler design: hands-on tutorial with real projects","Education"
"Ultimate competitive gaming gaming news in 2026","Gaming"
"weekend entertainment: news update explained","Entertainment"
"Singapore: travel vlog for your next vacation. Practical tips and useful information.","Travel"
"Ultimate new movies review this week. Practical tips and useful information.","Entertainment"
"Learn easy lunch with this beginner cooking guide for busy days","Food"
"wardrobe essentials explained: fashion tutorial for college students. Practical tips and useful information.","Fashion"
"Best game walkthroughs tips and tricks you should try. Practical tips and useful information.","Gaming"
"Ultimate fashion styling wardrobe guide for everyday wear. Practical tips and useful information.","Fashion"
"home workout explained: exercise tutorial with proper form","Fitness"
"Everything about Mumbai: travel vlog on a budget","Travel"
"Learn Indian breakfast with this healthy recipe without an oven. Practical tips and useful information.","Food"
"Java programming explained: complete guide with practical examples","Education"
"Best JavaScript study guide from scratch. Practical tips and useful information.","Education"
"Bollywood movies explained: interview you should watch. Practical tips and useful information.","Entertainment"
"technology trends explained: product review and what it means for the future","Technology"
"Goa explained: tourist guide for a weekend trip. Practical tips and useful information.","Travel"
"robotics explained: future predictions explained simply","Technology"
"Ultimate Paris travel tips on a budget","Travel"
"Complete Bollywood movies trailer for movie fans","Entertainment"
"artificial intelligence: technology news for beginners","Technology"
"Everything about Xbox games: tips and tricks with tips and tricks. Practical tips and useful information.","Gaming"
"Complete Dubai travel tips for your next vacation","Travel"
"Everything about Goa: destination guide with places to visit","Travel"
"Complete software engineering project tutorial for college students. Practical tips and useful information.","Education"
"capsule wardrobe explained: fashion tutorial for everyday wear. Practical tips and useful information.","Fashion"
"Best formal outfits fashion tips for college students","Fashion"
"Ultimate popular songs discussion this week. Practical tips and useful information.","Entertainment"
"Ultimate homemade burger cooking tutorial at home","Food"
"Everything about movie recommendations: watchlist for movie fans. Practical tips and useful information.","Entertainment"
"Learn compiler design with this concept explanation step by step. Practical tips and useful information.","Education"
"Learn computer networks with this full course for college students","Education"
"Everything about game walkthroughs: game analysis you should try","Gaming"
"gaming accessories explained: walkthrough with tips and tricks","Gaming"
"soup step by step recipe with easy instructions. Practical tips and useful information.","Food"
"Learn entertainment news with this recommendation with spoilers","Entertainment"
"gaming setup explained: setup guide in 2026","Gaming"
"Xbox games explained: game analysis for new players","Gaming"
"Learn generative AI with this technology guide you should know","Technology"
"flexibility training: fitness tips for beginners","Fitness"
"Learn healthy salad with this traditional recipe on a budget","Food"
"computer networks explained: complete guide step by step. Practical tips and useful information.","Education"
"discrete mathematics explained: hands-on tutorial for interview preparation","Education"
"Everything about future technology: technology explained with real examples","Technology"
"Complete cybersecurity concept explanation with practical examples","Education"
"Best gaming accessories tips and tricks in 2026","Gaming"
"Complete streetwear fashion tips with affordable pieces","Fashion"
"game walkthroughs explained: walkthrough with the best settings","Gaming"
"India itinerary for a weekend trip. Practical tips and useful information.","Travel"
"artificial intelligence: tutorial for beginners","Education"
"fitness motivation training session at home","Fitness"
"Fortnite: beginner guide with a complete guide","Gaming"
"gaming laptops explained: walkthrough for new players","Gaming"
"Complete college outfits fashion tutorial for the new season","Fashion"
"Learn baking with this quick recipe for beginners","Food"
"Ultimate Minecraft setup guide in 2026. Practical tips and useful information.","Gaming"
"Best sandwich simple cooking idea for busy days. Practical tips and useful information.","Food"
"Best celebrity news discussion for the weekend","Entertainment"
"film analysis reaction with spoilers","Entertainment"
"Ultimate programming fundamentals exam preparation for interview preparation","Education"
"full body workout fitness tutorial step by step. Practical tips and useful information.","Fitness"
"Complete clothing trends lookbook with affordable pieces","Fashion"
"Best smartphones latest trends in 2026. Practical tips and useful information.","Technology"
"Everything about game walkthroughs: setup guide in 2026","Gaming"
"Best algorithms concept explanation from scratch","Education"
"Ultimate gaming PCs gameplay with a complete guide. Practical tips and useful information.","Gaming"
"Everything about pasta: simple cooking idea for a quick dinner","Food"
"virtual reality future predictions and what it means for the future","Technology"
"Ultimate streetwear outfit ideas with affordable pieces","Fashion"
"PlayStation games: gaming tutorial for beginners","Gaming"
"Learn Delhi with this destination review for your next vacation. Practical tips and useful information.","Travel"
"beginner fitness: fitness tutorial for building strength","Fitness"
"5G technology explained: product review and what it means for the future","Technology"
"Learn chicken recipe with this beginner cooking guide at home","Food"
"Learn India with this travel documentary for first-time visitors. Practical tips and useful information.","Travel"
"Complete breakfast ideas traditional recipe with easy instructions","Food"
"cloud technology industry update with real examples","Technology"
"summer fashion: style guide on a budget. Practical tips and useful information.","Fashion"
"Best sandwich step by step recipe at home. Practical tips and useful information.","Food"
"Best beach destinations itinerary for solo travelers. Practical tips and useful information.","Travel"
"noodle recipe: quick recipe for beginners","Food"
"Learn generative AI with this future predictions explained simply","Technology"
"Learn computer processors with this technology explained for beginners","Technology"
"discrete mathematics complete guide for interview preparation","Education"
"Learn gaming PCs with this setup guide in 2026","Gaming"
"Delhi destination review with local tips","Travel"
"Best morning yoga exercise tutorial for beginners","Fitness"
"Learn comedy movies with this reaction of the year","Entertainment"
"Best chocolate cake 15 minute recipe on a budget","Food"
"data structures explained: exam preparation for college students","Education"
"Ultimate Call of Duty gameplay highlights with tips and tricks","Gaming"
"clothing trends fashion haul for college students. Practical tips and useful information.","Fashion"
"Best music videos news update of the year. Practical tips and useful information.","Entertainment"
"Learn robotics with this technology news in 2026","Technology"
"Complete outfit ideas fashion tutorial step by step","Fashion"
"Complete data structures project tutorial for beginners","Education"
"Complete functional training beginner session for building strength","Fitness"
"game releases tips and tricks for competitive players","Gaming"
"computer hardware explained: technology news explained simply","Technology"
"healthy fitness habits beginner session for busy people","Fitness"
"functional training: workout challenge with proper form","Fitness"
"cardio workout: training plan for beginners","Fitness"
"Best party outfits lookbook for beginners. Practical tips and useful information.","Fashion"
"Complete Indian curry easy recipe with easy instructions","Food"
"international travel travel tips for your next vacation","Travel"
"Complete movie recommendations news update this week","Entertainment"
"Best Python programming tutorial from scratch. Practical tips and useful information.","Education"
"Ultimate C programming tutorial step by step","Education"
"Ultimate programming fundamentals study guide from scratch","Education"
"Learn emerging technologies with this comparison and what it means for the future","Technology"
"5G technology explained: technology explained for beginners. Practical tips and useful information.","Technology"
"gaming accessories: tips and tricks for competitive players. Practical tips and useful information.","Gaming"
"popular songs news update of the year","Entertainment"
"Complete laptops comparison in the real world","Technology"
"Learn data structures with this tutorial with coding exercises","Education"
"music releases discussion of the year. Practical tips and useful information.","Entertainment"
"Complete competitive gaming review for beginners. Practical tips and useful information.","Gaming"
"Everything about C programming: study guide step by step. Practical tips and useful information.","Education"
"Ultimate strength training workout challenge for a healthy lifestyle. Practical tips and useful information.","Fitness"
"Ultimate Thailand travel guide with local tips. Practical tips and useful information.","Travel"
"cardio workout explained: workout with proper form","Fitness"
"Everything about pizza: homemade recipe for beginners. Practical tips and useful information.","Food"
"Best home workout training plan without equipment","Fitness"
"5G technology explained: technology news with real examples","Technology"
"Ultimate database management study guide step by step. Practical tips and useful information.","Education"
"Complete noodle recipe easy recipe on a budget","Food"
"TV series reaction of the year","Entertainment"
"Ultimate action movies recommendation explained","Entertainment"
"movie recommendations: watchlist this week","Entertainment"
"Ultimate Delhi travel tips for solo travelers","Travel"
"Everything about homemade burger: beginner cooking guide with simple ingredients","Food"
"computer networks explained: hands-on tutorial with coding exercises","Education"
"Complete web development exam preparation for college students","Education"
"Learn computer hardware with this product review for everyday users. Practical tips and useful information.","Technology"
"data structures: practice session step by step. Practical tips and useful information.","Education"
"Ultimate fashion styling fashion tips step by step","Fashion"
"muscle building explained: training plan for busy people","Fitness"
"gym workout training plan for building strength. Practical tips and useful information.","Fitness"
"5G technology hands-on review for everyday users","Technology"
"Learn gym workout with this workout for busy people. Practical tips and useful information.","Fitness"
"Ultimate clothing trends outfit ideas step by step","Fashion"
"Ultimate music releases reaction of the year","Entertainment"
"Ultimate cloud computing practice session from scratch. Practical tips and useful information.","Education"
"summer fashion explained: outfit ideas for beginners","Fashion"
"gaming laptops: walkthrough for competitive players. Practical tips and useful information.","Gaming"
"algorithms practice session from scratch","Education"
"smartphones: hands-on review explained simply. Practical tips and useful information.","Technology"
"Ultimate Kerala travel vlog with places to visit","Travel"
"Ultimate web series recommendation with spoilers","Entertainment"
"strength training exercise tutorial for busy people","Fitness"
"machine learning: exam preparation with real projects","Education"
"Learn SQL with this hands-on tutorial for beginners. Practical tips and useful information.","Education"
"Best healthy fitness habits routine for building strength","Fitness"
"mobile games gaming tutorial for beginners","Gaming"
"healthy salad: traditional recipe with easy instructions","Food"
"Everything about noodle recipe: healthy recipe with easy instructions. Practical tips and useful information.","Food"
"Best Rajasthan budget travel guide with local tips. Practical tips and useful information.","Travel"
"movie reviews news update this week. Practical tips and useful information.","Entertainment"
"competitive gaming beginner guide with a complete guide","Gaming"
"Complete morning yoga exercise tutorial for a healthy lifestyle","Fitness"
"Best movie trailers trailer you should watch","Entertainment"
"software technology comparison for everyday users","Technology"
"Learn healthy salad with this healthy recipe at home. Practical tips and useful information.","Food"
"Best color combinations outfit inspiration for a modern look","Fashion"
"Thailand explained: destination review with a complete itinerary","Travel"
"SQL: complete guide from scratch","Education"
"Learn electric vehicles with this technology news and what it means for the future","Technology"
"Everything about cybersecurity: study guide for beginners. Practical tips and useful information.","Education"
"Learn streetwear with this lookbook for the new season","Fashion"
"music videos explained: reaction for the weekend","Entertainment"
"Complete Singapore destination review with a complete itinerary","Travel"
"Ultimate cardio workout fitness tips for a healthy lifestyle","Fitness"
"Everything about college outfits: lookbook for the new season","Fashion"
"Learn gaming PCs with this tips and tricks with a complete guide","Gaming"
"cloud computing tutorial with coding exercises. Practical tips and useful information.","Education"
"generative AI innovation report explained simply. Practical tips and useful information.","Technology"
"Ultimate Goa travel tips for first-time visitors","Travel"
"strength training beginner session step by step. Practical tips and useful information.","Fitness"
"Hollywood movies recommendation with spoilers","Entertainment"
"Everything about Mumbai: travel tips for your next vacation","Travel"
"India explained: travel guide for a weekend trip","Travel"
"Best software engineering project tutorial from scratch. Practical tips and useful information.","Education"
"Everything about everyday fashion: lookbook for beginners. Practical tips and useful information.","Fashion"
"game releases: review with the best settings. Practical tips and useful information.","Gaming"
"Complete software technology technology guide and what it means for the future","Technology"
"Ultimate minimalist fashion outfit ideas for college students","Fashion"
"software technology: product review explained simply. Practical tips and useful information.","Technology"
"Ultimate Japan destination review for your next vacation","Travel"
"Learn India with this tourist guide for solo travelers","Travel"
"party outfits wardrobe guide for a modern look","Fashion"
"fashion styling explained: style guide for college students","Fashion"
"sneaker styling styling guide for the new season. Practical tips and useful information.","Fashion"
"Best movie recommendations watchlist with spoilers. Practical tips and useful information.","Entertainment"
"Complete movie recommendations watchlist explained","Entertainment"
"Goa: travel vlog on a budget. Practical tips and useful information.","Travel"
"Learn cloud computing with this hands-on tutorial from scratch. Practical tips and useful information.","Education"
"Ultimate future technology latest trends for everyday users","Technology"
"artificial intelligence: practice session for beginners","Education"
"Ultimate Hollywood movies trailer of the year","Entertainment"
"Complete future technology product review in the real world. Practical tips and useful information.","Technology"
"Learn Java programming with this lecture from scratch. Practical tips and useful information.","Education"
"Best formal outfits styling guide with affordable pieces. Practical tips and useful information.","Fashion"
"Ultimate outfit ideas fashion tips step by step","Fashion"
"international travel budget travel guide for your next vacation. Practical tips and useful information.","Travel"
"strength training workout for a healthy lifestyle","Fitness"
"Complete mountain destinations destination review with places to visit","Travel"
"jeans styling fashion haul for the new season. Practical tips and useful information.","Fashion"
"Complete electric vehicles hands-on review for beginners","Technology"
"Ultimate healthy dinner step by step recipe on a budget","Food"
"summer fashion explained: fashion tips for beginners. Practical tips and useful information.","Fashion"
"Learn smartphones with this comparison in 2026. Practical tips and useful information.","Technology"
"workout routine workout challenge for busy people. Practical tips and useful information.","Fitness"
"Complete beach destinations tourist guide with places to visit","Travel"
"Learn healthy dinner with this easy recipe for beginners","Food"
"Everything about soup: traditional recipe without an oven","Food"
"Ultimate celebrity news interview for the weekend. Practical tips and useful information.","Entertainment"
"Everything about full body workout: beginner session step by step. Practical tips and useful information.","Fitness"
"data science exam preparation with real projects","Education"
"Ultimate streetwear fashion tutorial for a modern look. Practical tips and useful information.","Fashion"
"Learn new movies with this reaction you should watch","Entertainment"
"data structures: study guide for college students. Practical tips and useful information.","Education"
"streetwear fashion tutorial with affordable pieces","Fashion"
"Learn Bali with this travel vlog with places to visit","Travel"
"Complete easy lunch simple cooking idea for busy days. Practical tips and useful information.","Food"
"Hollywood movies discussion without spoilers. Practical tips and useful information.","Entertainment"
"Complete Netflix series analysis with spoilers","Entertainment"
"Best Delhi travel documentary for first-time visitors. Practical tips and useful information.","Travel"
"Complete rice recipe homemade recipe for a quick dinner","Food"
"Complete Hollywood movies reaction explained","Entertainment"
"role playing games: gameplay highlights with the best settings","Gaming"
"smartphones future predictions explained simply. Practical tips and useful information.","Technology"
"role playing games explained: review in 2026. Practical tips and useful information.","Gaming"
"Ultimate fashion styling lookbook on a budget","Fashion"
"Learn Paris with this trip planning guide for a weekend trip. Practical tips and useful information.","Travel"
"Everything about entertainment news: analysis with spoilers","Entertainment"
"cybersecurity: tutorial with coding exercises. Practical tips and useful information.","Education"
"Ultimate casual outfits style guide for a modern look. Practical tips and useful information.","Fashion"
"noodle recipe explained: quick recipe with simple ingredients. Practical tips and useful information.","Food"
"movie recommendations top picks with spoilers","Entertainment"
"Ultimate gaming laptops gaming news with the best settings","Gaming"
"Learn capsule wardrobe with this fashion haul for beginners. Practical tips and useful information.","Fashion"
"Everything about operating systems: practice session for college students","Education"
"Learn strength training with this beginner session for busy people","Fitness"
"Best beach destinations trip planning guide for first-time visitors. Practical tips and useful information.","Travel"
"Best virtual reality innovation report in 2026","Technology"
"Complete Xbox games game analysis with the best settings","Gaming"
"5G technology explained: industry update for everyday users. Practical tips and useful information.","Technology"
"Rajasthan explained: tourist guide with a complete itinerary. Practical tips and useful information.","Travel"
"Complete easy lunch quick recipe for a quick dinner","Food"
"quick snacks: homemade recipe with easy instructions. Practical tips and useful information.","Food"
"Everything about celebrity interviews: trailer for movie fans. Practical tips and useful information.","Entertainment"
"Ultimate machine learning hands-on tutorial step by step","Education"
"Learn Dubai with this trip planning guide for a weekend trip","Travel"
"Everything about romantic movies: review for movie fans. Practical tips and useful information.","Entertainment"
"Complete Java programming full course with practical examples. Practical tips and useful information.","Education"
"Ultimate gaming laptops gameplay with tips and tricks","Gaming"
"India explained: budget travel guide with local tips. Practical tips and useful information.","Travel"
"Complete Indian breakfast homemade recipe for a quick dinner","Food"
"capsule wardrobe explained: fashion tips with affordable pieces. Practical tips and useful information.","Fashion"
"Best pasta beginner cooking guide on a budget","Food"
"Best winter outfits fashion tutorial step by step","Fashion"
"Everything about cloud technology: hands-on review in the real world","Technology"
"cloud computing: hands-on tutorial step by step","Education"
"Learn casual outfits with this fashion haul for everyday wear","Fashion"
"Learn beginner fitness with this training plan for a healthy lifestyle","Fitness"
"technology trends comparison and what it means for the future","Technology"
"C programming: complete guide for beginners. Practical tips and useful information.","Education"
"smartphones technology explained for everyday users. Practical tips and useful information.","Technology"
"Complete summer fashion wardrobe guide for beginners","Fashion"
"Ultimate leg workout exercise guide without equipment","Fitness"
"Ultimate India destination review with a complete itinerary. Practical tips and useful information.","Travel"
"Learn artificial intelligence with this hands-on tutorial with coding exercises. Practical tips and useful information.","Education"
"flexibility training: training session without equipment. Practical tips and useful information.","Fitness"
"Best Bali travel vlog for solo travelers","Travel"
"Learn everyday fashion with this style guide for a modern look. Practical tips and useful information.","Fashion"
"Everything about fashion trends: style guide step by step","Fashion"
"movie reviews watchlist of the year","Entertainment"
"Best music releases interview this week. Practical tips and useful information.","Entertainment"
"dessert: healthy recipe for busy days. Practical tips and useful information.","Food"
"generative AI technology guide with real examples","Technology"
"Complete workout routine exercise tutorial with proper form","Fitness"
"Complete rice recipe homemade recipe with easy instructions","Food"
"Paris: trip planning guide with places to visit","Travel"
"Everything about gaming accessories: walkthrough for beginners. Practical tips and useful information.","Gaming"
"laptops: technology explained in the real world","Technology"
"operating systems explained: project tutorial for interview preparation","Education"
"Everything about technology trends: latest trends for everyday users","Technology"
"Learn popular songs with this news update for movie fans. Practical tips and useful information.","Entertainment"
"Ultimate biryani healthy recipe at home","Food"
"Everything about generative AI: technology news in 2026","Technology"
"game releases game analysis with tips and tricks","Gaming"
"Complete laptops technology explained with real examples. Practical tips and useful information.","Technology"
"Ultimate fitness motivation training session with proper form","Fitness"
"gaming laptops: beginner guide for new players","Gaming"
"Netflix series: recommendation explained","Entertainment"
"laptops future predictions in 2026","Technology"
"pizza explained: quick recipe for beginners. Practical tips and useful information.","Food"
"Complete full body workout routine without equipment","Fitness"
"Learn homemade burger with this quick recipe on a budget","Food"
"Learn Japan with this travel documentary with places to visit","Travel"
"operating systems: hands-on tutorial with practical examples","Education"
"clothing trends: styling guide for college students. Practical tips and useful information.","Fashion"
"weight loss fitness tips with proper form. Practical tips and useful information.","Fitness"
"Complete generative AI future predictions with real examples","Technology"
"JavaScript explained: exam preparation with coding exercises. Practical tips and useful information.","Education"
"Complete leg workout exercise tutorial with proper form. Practical tips and useful information.","Fitness"
"Ultimate weekend entertainment reaction for the weekend","Entertainment"
"fashion trends fashion haul for everyday wear. Practical tips and useful information.","Fashion"
"Call of Duty setup guide with the best settings","Gaming"
"capsule wardrobe explained: fashion haul step by step","Fashion"
"Ultimate Netflix series recommendation with spoilers. Practical tips and useful information.","Entertainment"
"casual outfits explained: style guide on a budget","Fashion"
"Valorant: beginner guide with tips and tricks","Gaming"
"Ultimate beach destinations travel vlog for your next vacation","Travel"
"Everything about discrete mathematics: full course with coding exercises","Education"
"Best technology trends technology news with real examples. Practical tips and useful information.","Technology"
"Best functional training fitness tutorial for beginners","Fitness"
"Best emerging technologies technology guide with real examples","Technology"
"Complete pizza quick recipe at home. Practical tips and useful information.","Food"
"Complete morning yoga workout at home","Fitness"
"Everything about formal outfits: fashion haul with affordable pieces","Fashion"
"Learn fashion styling with this style guide for beginners","Fashion"
"Best cardio workout routine for beginners. Practical tips and useful information.","Fitness"
"Ultimate software technology comparison and what it means for the future","Technology"
"Learn cybersecurity with this project tutorial for interview preparation","Education"
"budget travel: destination guide for a weekend trip","Travel"
"India destination review for first-time visitors","Travel"
"Learn celebrity news with this review this week. Practical tips and useful information.","Entertainment"
"Ultimate computer processors hands-on review for everyday users","Technology"
"breakfast ideas explained: easy recipe at home","Food"
"Ultimate artificial intelligence exam preparation with practical examples. Practical tips and useful information.","Education"
"budget travel itinerary with places to visit. Practical tips and useful information.","Travel"
"Best Valorant beginner guide with a complete guide. Practical tips and useful information.","Gaming"
"Best cloud computing practice session with coding exercises. Practical tips and useful information.","Education"
"Ultimate Call of Duty gaming news with the best settings. Practical tips and useful information.","Gaming"
"Everything about Fortnite: walkthrough for competitive players","Gaming"
"cloud computing exam preparation with coding exercises","Education"
"Complete stretching routine fitness tutorial with proper form. Practical tips and useful information.","Fitness"
"casual outfits explained: lookbook for beginners","Fashion"
"morning yoga explained: training session for a healthy lifestyle","Fitness"
"gaming PCs gameplay for new players","Gaming"
"Best sneaker styling fashion tutorial for beginners","Fashion"
"robotics: technology explained for beginners","Technology"
"winter outfits: fashion tips on a budget","Fashion"
"Learn gaming setup with this gameplay highlights with a complete guide. Practical tips and useful information.","Gaming"
"Complete flexibility training workout challenge for building strength","Fitness"
"summer fashion fashion tutorial step by step. Practical tips and useful information.","Fashion"
"Learn 5G technology with this comparison for everyday users","Technology"
"movie reviews explained: analysis for movie fans. Practical tips and useful information.","Entertainment"
"Learn action movies with this watchlist explained. Practical tips and useful information.","Entertainment"
"Ultimate capsule wardrobe fashion tutorial on a budget","Fashion"
"Everything about robotics: innovation report explained simply","Technology"
"Learn morning yoga with this exercise tutorial for a healthy lifestyle. Practical tips and useful information.","Fitness"
"Everything about international travel: travel guide on a budget. Practical tips and useful information.","Travel"
"Learn SQL with this hands-on tutorial for interview preparation","Education"
"Best weight loss training plan for a healthy lifestyle. Practical tips and useful information.","Fitness"
"Ultimate movie recommendations interview this week","Entertainment"
"Learn database management with this hands-on tutorial for college students. Practical tips and useful information.","Education"
"Complete computer hardware innovation report you should know. Practical tips and useful information.","Technology"
"Learn Fortnite with this gameplay with tips and tricks","Gaming"
"Learn Bollywood movies with this review for the weekend","Entertainment"
"Best future technology comparison for beginners","Technology"
"movie recommendations explained: review of the year. Practical tips and useful information.","Entertainment"
"Ultimate India travel tips for your next vacation. Practical tips and useful information.","Travel"
"Learn GTA with this beginner guide with a complete guide. Practical tips and useful information.","Gaming"
"Everything about algorithms: concept explanation step by step. Practical tips and useful information.","Education"
"Everything about wardrobe essentials: trend report with affordable pieces. Practical tips and useful information.","Fashion"
"Learn music videos with this trailer for the weekend. Practical tips and useful information.","Entertainment"
"Complete upper body workout routine for busy people","Fitness"
"Ultimate programming fundamentals tutorial step by step. Practical tips and useful information.","Education"
"chocolate cake: homemade recipe with simple ingredients. Practical tips and useful information.","Food"
"Best accessories outfit ideas with affordable pieces","Fashion"
"Learn summer fashion with this style guide with affordable pieces","Fashion"
"upper body workout explained: exercise tutorial for beginners. Practical tips and useful information.","Fitness"
"Everything about casual outfits: outfit inspiration for the new season. Practical tips and useful information.","Fashion"
"movie recommendations: top picks for the weekend","Entertainment"
"Ultimate Paris destination review for a weekend trip","Travel"
"Complete office outfits fashion tutorial on a budget. Practical tips and useful information.","Fashion"
"color combinations fashion tutorial on a budget. Practical tips and useful information.","Fashion"
"Best solo travel travel guide for your next vacation. Practical tips and useful information.","Travel"
"Everything about gaming accessories: tips and tricks for beginners","Gaming"
"laptops comparison in the real world. Practical tips and useful information.","Technology"
"Best outfit ideas styling guide for everyday wear","Fashion"
"Best internet technology technology explained in the real world","Technology"
"Best summer fashion fashion tutorial on a budget","Fashion"
"Complete Mumbai travel tips for your next vacation","Travel"
"Everything about C programming: concept explanation with practical examples. Practical tips and useful information.","Education"
"Ultimate workout routine beginner session for beginners","Fitness"
"Best TV series analysis for movie fans","Entertainment"
"Everything about weekend trips: travel tips on a budget","Travel"
"Learn dessert with this homemade recipe for a quick dinner. Practical tips and useful information.","Food"
"discrete mathematics: complete guide for college students","Education"
"Learn pizza with this easy recipe for a quick dinner. Practical tips and useful information.","Food"
"Ultimate pasta beginner cooking guide for a quick dinner","Food"
"operating systems: exam preparation for beginners","Education"
"Everything about AI tools: comparison you should know. Practical tips and useful information.","Technology"
"Complete robotics technology news with real examples","Technology"
"Complete compiler design practice session with practical examples. Practical tips and useful information.","Education"
"Everything about internet technology: comparison in 2026","Technology"
"workout routine explained: training session for a healthy lifestyle","Fitness"
"cardio workout beginner session for a healthy lifestyle","Fitness"
"Ultimate 5G technology comparison with real examples","Technology"
"Ultimate beginner fitness exercise guide for a healthy lifestyle. Practical tips and useful information.","Fitness"
"Everything about robotics: technology guide for everyday users","Technology"
"Complete cardio workout routine for a healthy lifestyle","Fitness"
"Learn Singapore with this tourist guide for solo travelers. Practical tips and useful information.","Travel"
"dessert explained: quick recipe for busy days","Food"
"Ultimate cybersecurity project tutorial for beginners. Practical tips and useful information.","Education"
"Learn movie trailers with this recommendation without spoilers. Practical tips and useful information.","Entertainment"
"Everything about rice recipe: cooking tutorial for a quick dinner. Practical tips and useful information.","Food"
"Best mobility exercises routine for busy people. Practical tips and useful information.","Fitness"
"Ultimate healthy salad 15 minute recipe with easy instructions. Practical tips and useful information.","Food"
"Complete budget travel tourist guide for first-time visitors. Practical tips and useful information.","Travel"
"Everything about gym workout: routine step by step. Practical tips and useful information.","Fitness"
"Best laptops technology guide for beginners","Technology"
"electric vehicles: technology explained and what it means for the future. Practical tips and useful information.","Technology"
"international travel explained: travel guide with a complete itinerary","Travel"
"capsule wardrobe: style guide for college students. Practical tips and useful information.","Fashion"
"biryani: easy recipe without an oven. Practical tips and useful information.","Food"
"Everything about sneaker styling: trend report for a modern look","Fashion"
"Ultimate film analysis trailer you should watch","Entertainment"
"Japan explained: tourist guide for solo travelers. Practical tips and useful information.","Travel"
"Japan destination guide with a complete itinerary","Travel"
"Learn clothing trends with this fashion tips on a budget","Fashion"
"gaming accessories: gaming tutorial with a complete guide. Practical tips and useful information.","Gaming"
"budget travel tourist guide for your next vacation. Practical tips and useful information.","Travel"
"role playing games gaming tutorial for competitive players","Gaming"
"Everything about rice recipe: simple cooking idea for busy days. Practical tips and useful information.","Food"
"Everything about international travel: travel guide with local tips","Travel"
"Ultimate algorithms full course for college students","Education"
"Ultimate emerging technologies technology explained you should know","Technology"
"entertainment news news update explained","Entertainment"
"stretching routine: workout challenge at home. Practical tips and useful information.","Fitness"
"Complete London travel guide with local tips","Travel"
"Best wearable technology innovation report for everyday users","Technology"
"Ultimate wardrobe essentials lookbook step by step. Practical tips and useful information.","Fashion"
"Complete cybersecurity exam preparation from scratch. Practical tips and useful information.","Education"
"Ultimate music releases interview this week","Entertainment"
"flexibility training routine with proper form","Fitness"
"streetwear: styling guide step by step. Practical tips and useful information.","Fashion"
"fashion trends explained: outfit inspiration on a budget","Fashion"
"cloud technology: latest trends and what it means for the future. Practical tips and useful information.","Technology"
"Learn open world games with this tips and tricks for new players","Gaming"
"C programming: complete guide with real projects. Practical tips and useful information.","Education"
"pizza explained: healthy recipe with easy instructions. Practical tips and useful information.","Food"
"Best solo travel trip planning guide with local tips. Practical tips and useful information.","Travel"
"operating systems explained: full course with coding exercises. Practical tips and useful information.","Education"
"Ultimate computer processors comparison for everyday users. Practical tips and useful information.","Technology"
"Everything about movie recommendations: recommendation for the weekend. Practical tips and useful information.","Entertainment"
"music releases watchlist this week","Entertainment"
"Best party outfits fashion tips for a modern look","Fashion"
"Best accessories fashion haul for college students. Practical tips and useful information.","Fashion"
"Everything about homemade burger: beginner cooking guide with simple ingredients. Practical tips and useful information.","Food"
"Everything about healthy salad: traditional recipe at home. Practical tips and useful information.","Food"
"Best vegetarian recipe step by step recipe at home. Practical tips and useful information.","Food"
"strength training: training session for a healthy lifestyle. Practical tips and useful information.","Fitness"
"Ultimate music videos recommendation this week","Entertainment"
"Learn solo travel with this tourist guide with local tips. Practical tips and useful information.","Travel"
"Singapore explained: destination guide with a complete itinerary. Practical tips and useful information.","Travel"
"mobile games gameplay highlights with the best settings","Gaming"
"Best Rajasthan travel tips with places to visit. Practical tips and useful information.","Travel"
"Everything about programming fundamentals: practice session for interview preparation. Practical tips and useful information.","Education"
"Everything about cloud computing: concept explanation for interview preparation","Education"
"Complete AI tools future predictions you should know","Technology"
"Ultimate rice recipe simple cooking idea for beginners. Practical tips and useful information.","Food"
"Ultimate Rajasthan tourist guide for first-time visitors. Practical tips and useful information.","Travel"
"Everything about fashion styling: trend report for beginners","Fashion"
"Learn international travel with this itinerary with a complete itinerary","Travel"
"Complete Indian curry quick recipe for a quick dinner","Food"
"programming fundamentals explained: project tutorial for beginners. Practical tips and useful information.","Education"
"Complete celebrity interviews reaction this week. Practical tips and useful information.","Entertainment"
"Everything about music releases: top picks with spoilers. Practical tips and useful information.","Entertainment"
"Learn accessories with this outfit ideas for everyday wear","Fashion"
"Best college outfits lookbook on a budget. Practical tips and useful information.","Fashion"
"pizza explained: beginner cooking guide with simple ingredients. Practical tips and useful information.","Food"
"Learn cybersecurity technology with this technology guide and what it means for the future","Technology"
"Learn data science with this lecture with practical examples. Practical tips and useful information.","Education"
"Ultimate fashion styling lookbook for a modern look. Practical tips and useful information.","Fashion"
"Ultimate romantic movies review explained","Entertainment"
"Fortnite: walkthrough with the best settings","Gaming"
"Best biryani homemade recipe for beginners","Food"
"morning yoga workout challenge for busy people","Fitness"
"survival games explained: review for competitive players","Gaming"
"soup simple cooking idea at home. Practical tips and useful information.","Food"
"Best mobile games walkthrough in 2026. Practical tips and useful information.","Gaming"
"Everything about 5G technology: technology guide with real examples. Practical tips and useful information.","Technology"
"AI tools explained: hands-on review in 2026","Technology"
"leg workout explained: beginner session at home","Fitness"
"Best beginner fitness exercise tutorial without equipment","Fitness"
"Learn healthy dinner with this step by step recipe on a budget. Practical tips and useful information.","Food"
"formal outfits: lookbook for everyday wear. Practical tips and useful information.","Fashion"
"Everything about cloud computing: lecture step by step","Education"
"Learn C programming with this full course step by step","Education"
"weekend entertainment interview explained","Entertainment"
"Complete wearable technology technology news with real examples. Practical tips and useful information.","Technology"
"Learn abs workout with this exercise tutorial step by step","Fitness"
"chocolate cake: quick recipe with easy instructions. Practical tips and useful information.","Food"
"Everything about dessert: step by step recipe without an oven","Food"
"Ultimate robotics technology explained for beginners","Technology"
"internet technology: latest trends in the real world. Practical tips and useful information.","Technology"
"Ultimate future technology latest trends and what it means for the future. Practical tips and useful information.","Technology"
"Everything about Kerala: travel tips for a weekend trip. Practical tips and useful information.","Travel"
"Complete operating systems lecture from scratch. Practical tips and useful information.","Education"
"Best celebrity interviews trailer with spoilers. Practical tips and useful information.","Entertainment"
"Complete office outfits fashion tutorial for beginners","Fashion"
"Ultimate Dubai travel guide for first-time visitors","Travel"
"smartphones technology guide in the real world. Practical tips and useful information.","Technology"
"Best action movies watchlist with spoilers. Practical tips and useful information.","Entertainment"
"Everything about smartphones: hands-on review in the real world","Technology"
"leg workout: exercise guide with proper form. Practical tips and useful information.","Fitness"
"Ultimate Rajasthan destination review for your next vacation. Practical tips and useful information.","Travel"
"Everything about computer networks: concept explanation for interview preparation. Practical tips and useful information.","Education"
"Everything about algorithms: study guide from scratch. Practical tips and useful information.","Education"
"data structures hands-on tutorial with coding exercises. Practical tips and useful information.","Education"
"computer hardware future predictions with real examples. Practical tips and useful information.","Technology"
"Bali travel guide for first-time visitors","Travel"
"data structures: project tutorial with coding exercises. Practical tips and useful information.","Education"
"Best web series review this week. Practical tips and useful information.","Entertainment"
"Learn Delhi with this travel guide with a complete itinerary","Travel"
"full body workout explained: training session with proper form. Practical tips and useful information.","Fitness"
"Ultimate Bollywood movies interview for the weekend. Practical tips and useful information.","Entertainment"
"India explained: trip planning guide for a weekend trip","Travel"
"Complete Indian curry homemade recipe for beginners","Food"
"Learn automation with this latest trends explained simply","Technology"
"Ultimate winter outfits fashion haul for college students","Fashion"
"Ultimate game releases setup guide with tips and tricks. Practical tips and useful information.","Gaming"
"Complete upper body workout fitness tips step by step","Fitness"
"Learn electric vehicles with this latest trends in the real world","Technology"
"Everything about generative AI: hands-on review explained simply","Technology"
"Everything about fashion styling: styling guide step by step","Fashion"
"Complete party outfits fashion tutorial on a budget. Practical tips and useful information.","Fashion"
"casual outfits wardrobe guide step by step. Practical tips and useful information.","Fashion"
"beach destinations explained: travel guide for first-time visitors. Practical tips and useful information.","Travel"
"Everything about Minecraft: beginner guide for competitive players","Gaming"
"home workout: training plan step by step","Fitness"
"comedy movies: discussion for movie fans. Practical tips and useful information.","Entertainment"
"Complete minimalist fashion fashion tips for everyday wear","Fashion"
"Everything about Indian breakfast: traditional recipe at home","Food"
"movie reviews: analysis without spoilers. Practical tips and useful information.","Entertainment"
"Thailand tourist guide for solo travelers. Practical tips and useful information.","Travel"
"Ultimate game releases walkthrough you should try","Gaming"
"PC gaming explained: gaming news you should try","Gaming"
"Ultimate beginner fitness fitness tips for busy people. Practical tips and useful information.","Fitness"
"software engineering: project tutorial with practical examples","Education"
"Ultimate data science study guide for beginners. Practical tips and useful information.","Education"
"summer fashion trend report for the new season","Fashion"
"Best Dubai destination review for first-time visitors","Travel"
"Best Dubai destination guide for solo travelers. Practical tips and useful information.","Travel"
"Ultimate competitive gaming gaming news with the best settings. Practical tips and useful information.","Gaming"
"Ultimate wearable technology industry update in the real world","Technology"
"everyday fashion wardrobe guide for a modern look. Practical tips and useful information.","Fashion"
"Learn noodle recipe with this easy recipe for a quick dinner","Food"
"Complete fashion styling fashion haul for a modern look. Practical tips and useful information.","Fashion"
"everyday fashion outfit ideas step by step","Fashion"
"leg workout explained: fitness tutorial for beginners","Fitness"
"Xbox games game analysis with tips and tricks. Practical tips and useful information.","Gaming"
"Learn web series with this news update of the year. Practical tips and useful information.","Entertainment"
"Best healthy salad healthy recipe with easy instructions. Practical tips and useful information.","Food"
"Ultimate Delhi travel guide for first-time visitors. Practical tips and useful information.","Travel"
"Learn internet technology with this hands-on review with real examples","Technology"
"data science exam preparation for interview preparation. Practical tips and useful information.","Education"
"Best India itinerary on a budget. Practical tips and useful information.","Travel"
"discrete mathematics lecture with coding exercises","Education"
"gym workout training session at home. Practical tips and useful information.","Fitness"
"Best game walkthroughs gameplay with a complete guide","Gaming"
"Learn Python programming with this hands-on tutorial with coding exercises","Education"
"Everything about Paris: budget travel guide with a complete itinerary","Travel"
"Everything about new movies: news update for the weekend","Entertainment"
"Ultimate Xbox games review for beginners","Gaming"
"music videos review for the weekend","Entertainment"
"Ultimate India travel tips for a weekend trip. Practical tips and useful information.","Travel"
"Learn Europe with this tourist guide for a weekend trip","Travel"
"Learn beach destinations with this travel tips for first-time visitors","Travel"
"computer networks explained: practice session step by step","Education"
"Complete upper body workout exercise guide step by step. Practical tips and useful information.","Fitness"
"game releases gameplay for new players. Practical tips and useful information.","Gaming"
"Best competitive gaming setup guide for competitive players","Gaming"
"Everything about PC gaming: walkthrough you should try","Gaming"
"Ultimate comedy movies news update for the weekend. Practical tips and useful information.","Entertainment"
"game releases: review with a complete guide","Gaming"
"Best entertainment news recommendation you should watch. Practical tips and useful information.","Entertainment"
"Everything about stretching routine: training plan without equipment","Fitness"
"Everything about cybersecurity technology: comparison you should know","Technology"
"Complete internet technology hands-on review for beginners","Technology"
"Learn breakfast ideas with this 15 minute recipe for beginners","Food"
"Learn flexibility training with this fitness tutorial for a healthy lifestyle. Practical tips and useful information.","Fitness"
"database management explained: tutorial from scratch","Education"
"Everything about SQL: lecture from scratch","Education"
"Complete data science hands-on tutorial with real projects","Education"
"Best chicken recipe cooking tutorial without an oven. Practical tips and useful information.","Food"
"mobile games: gaming tutorial with the best settings. Practical tips and useful information.","Gaming"
"winter outfits explained: lookbook for beginners. Practical tips and useful information.","Fashion"
"Learn budget travel with this trip planning guide on a budget. Practical tips and useful information.","Travel"
"minimalist fashion outfit inspiration for a modern look","Fashion"
"beginner fitness beginner session with proper form","Fitness"
"jeans styling explained: style guide for beginners","Fashion"
"Complete popular songs discussion explained","Entertainment"
"artificial intelligence explained: exam preparation for interview preparation. Practical tips and useful information.","Education"
"movie recommendations: news update explained. Practical tips and useful information.","Entertainment"
"Best homemade burger step by step recipe at home. Practical tips and useful information.","Food"
"solo travel explained: destination review for a weekend trip. Practical tips and useful information.","Travel"
"Complete automation innovation report in the real world","Technology"
"Everything about Thailand: destination review for first-time visitors","Travel"
"Learn homemade burger with this 15 minute recipe for beginners","Food"
"Complete India destination guide for solo travelers","Travel"
"Everything about Dubai: trip planning guide on a budget","Travel"
"Complete morning yoga exercise guide for busy people","Fitness"
"Everything about stretching routine: workout challenge at home","Fitness"
"electric vehicles technology guide with real examples","Technology"
"Ultimate healthy dinner quick recipe with simple ingredients","Food"
"Ultimate 5G technology technology news in 2026","Technology"
"Ultimate operating systems exam preparation step by step. Practical tips and useful information.","Education"
"Learn muscle building with this training plan with proper form. Practical tips and useful information.","Fitness"
"India explained: travel documentary on a budget","Travel"
"Everything about Japan: travel vlog on a budget","Travel"
"winter outfits outfit ideas on a budget","Fashion"
"London explained: travel guide for solo travelers","Travel"
"Ultimate action movies watchlist you should watch. Practical tips and useful information.","Entertainment"
"Complete color combinations lookbook step by step. Practical tips and useful information.","Fashion"
"Ultimate summer fashion style guide with affordable pieces","Fashion"
"Everything about popular songs: top picks of the year","Entertainment"
"abs workout fitness tutorial at home","Fitness"
"Everything about computer networks: tutorial for beginners","Education"
"Best movie trailers watchlist you should watch","Entertainment"
"homemade burger simple cooking idea with simple ingredients","Food"
"accessories trend report for the new season","Fashion"
"Complete music releases analysis you should watch","Entertainment"
"Everything about music releases: trailer for movie fans","Entertainment"
"Best fashion styling fashion tutorial for beginners","Fashion"
"Best Valorant tips and tricks with tips and tricks. Practical tips and useful information.","Gaming"
"Complete leg workout fitness tips for building strength. Practical tips and useful information.","Fitness"
"Everything about winter outfits: trend report for the new season","Fashion"
"Bali explained: travel tips for a weekend trip","Travel"
"college outfits: wardrobe guide with affordable pieces","Fashion"
"Complete cloud technology hands-on review for everyday users","Technology"
"Complete AI tools product review you should know. Practical tips and useful information.","Technology"
"Java programming exam preparation for beginners. Practical tips and useful information.","Education"
"formal outfits explained: style guide for college students. Practical tips and useful information.","Fashion"
"open world games explained: beginner guide for competitive players. Practical tips and useful information.","Gaming"
"quick snacks beginner cooking guide for a quick dinner","Food"
"London explained: destination review with local tips. Practical tips and useful information.","Travel"
"Best film analysis watchlist for the weekend","Entertainment"
"Complete movie recommendations watchlist with spoilers. Practical tips and useful information.","Entertainment"
"multiplayer games: beginner guide with tips and tricks","Gaming"
"Everything about weight loss: workout challenge with proper form","Fitness"
"home workout exercise tutorial step by step. Practical tips and useful information.","Fitness"
"capsule wardrobe lookbook with affordable pieces","Fashion"
"Best game walkthroughs gaming tutorial for competitive players. Practical tips and useful information.","Gaming"
"Complete new movies reaction with spoilers","Entertainment"
"Best laptops latest trends for beginners. Practical tips and useful information.","Technology"
"artificial intelligence practice session for interview preparation","Education"
"Learn popular songs with this reaction this week","Entertainment"
"future technology explained: future predictions in the real world","Technology"
"survival games explained: gaming tutorial for beginners. Practical tips and useful information.","Gaming"
"Ultimate C programming study guide with real projects","Education"
"Ultimate Thailand itinerary on a budget","Travel"
"Best PlayStation games review you should try","Gaming"
"Xbox games explained: gaming news you should try. Practical tips and useful information.","Gaming"
"Complete operating systems hands-on tutorial for beginners. Practical tips and useful information.","Education"
"Learn TV series with this reaction of the year","Entertainment"
"Best capsule wardrobe fashion tutorial on a budget","Fashion"
"movie trailers explained: recommendation with spoilers","Entertainment"
"Learn full body workout with this routine without equipment. Practical tips and useful information.","Fitness"
"competitive gaming explained: gameplay for beginners. Practical tips and useful information.","Gaming"
"Best office outfits styling guide step by step","Fashion"
"Netflix series: news update of the year","Entertainment"
"role playing games gameplay with a complete guide. Practical tips and useful information.","Gaming"
"Everything about fashion trends: trend report on a budget. Practical tips and useful information.","Fashion"
"gym workout: training plan at home. Practical tips and useful information.","Fitness"
"Best abs workout fitness tips for busy people","Fitness"
"Learn healthy salad with this step by step recipe for busy days. Practical tips and useful information.","Food"
"Ultimate operating systems exam preparation with real projects","Education"
"Learn summer fashion with this fashion tutorial step by step","Fashion"
"Ultimate India travel documentary with local tips","Travel"
"Best PC gaming gaming tutorial with tips and tricks","Gaming"
"Ultimate biryani step by step recipe for busy days. Practical tips and useful information.","Food"
"celebrity news: watchlist you should watch","Entertainment"
"Learn fashion trends with this fashion tutorial with affordable pieces","Fashion"
"outfit ideas explained: fashion tutorial for everyday wear. Practical tips and useful information.","Fashion"
"Ultimate popular songs interview of the year","Entertainment"
"Call of Duty beginner guide you should try","Gaming"
"Complete Xbox games gameplay for new players. Practical tips and useful information.","Gaming"
"Learn healthy dinner with this beginner cooking guide at home","Food"
"Complete clothing trends styling guide for the new season","Fashion"
"Ultimate Singapore travel documentary with local tips. Practical tips and useful information.","Travel"
"Ultimate beginner fitness exercise tutorial with proper form","Fitness"
"Best beach destinations tourist guide for first-time visitors. Practical tips and useful information.","Travel"
"Learn London with this destination review for solo travelers","Travel"
"gaming accessories walkthrough you should try","Gaming"
"Everything about Singapore: travel documentary on a budget. Practical tips and useful information.","Travel"
"Best Dubai travel tips for a weekend trip. Practical tips and useful information.","Travel"
"Complete Hollywood movies analysis this week","Entertainment"
"Best comedy movies watchlist you should watch","Entertainment"
"Ultimate TV series watchlist of the year. Practical tips and useful information.","Entertainment"
"functional training training plan at home. Practical tips and useful information.","Fitness"
"Learn 5G technology with this industry update you should know. Practical tips and useful information.","Technology"
"Everything about Bollywood movies: news update for movie fans","Entertainment"
"machine learning: practice session with real projects. Practical tips and useful information.","Education"
"web development explained: concept explanation with practical examples. Practical tips and useful information.","Education"
"bodyweight exercises training plan without equipment","Fitness"
"multiplayer games walkthrough for competitive players. Practical tips and useful information.","Gaming"
"Indian breakfast: easy recipe at home","Food"
"Everything about weekend trips: tourist guide for first-time visitors","Travel"
"Complete generative AI hands-on review with real examples","Technology"
"cybersecurity technology explained: latest trends in the real world","Technology"
"minimalist fashion explained: style guide for the new season","Fashion"
"Everything about baking: cooking tutorial on a budget","Food"
"soup cooking tutorial at home. Practical tips and useful information.","Food"
"Ultimate fashion styling fashion tutorial for beginners","Fashion"
"Best comedy movies analysis with spoilers. Practical tips and useful information.","Entertainment"
"Best morning yoga fitness tutorial for a healthy lifestyle. Practical tips and useful information.","Fitness"
"cybersecurity explained: concept explanation for interview preparation. Practical tips and useful information.","Education"
"Complete GTA beginner guide you should try. Practical tips and useful information.","Gaming"
"Best healthy salad simple cooking idea without an oven","Food"
"Best movie reviews watchlist without spoilers. Practical tips and useful information.","Entertainment"
"Learn film analysis with this recommendation without spoilers","Entertainment"
"Best international travel itinerary on a budget. Practical tips and useful information.","Travel"
"Best computer processors technology news in 2026","Technology"
"Learn wardrobe essentials with this outfit ideas for beginners","Fashion"
"Best artificial intelligence product review you should know","Technology"
"PlayStation games explained: gameplay for beginners. Practical tips and useful information.","Gaming"
"color combinations: fashion tips for the new season. Practical tips and useful information.","Fashion"
"Everything about workout routine: routine for busy people. Practical tips and useful information.","Fitness"
"Xbox games review with the best settings. Practical tips and useful information.","Gaming"
"Hollywood movies explained: watchlist for movie fans","Entertainment"
"Complete soup cooking tutorial for a quick dinner","Food"
"Complete Indian breakfast beginner cooking guide with simple ingredients. Practical tips and useful information.","Food"
"Ultimate capsule wardrobe lookbook step by step","Fashion"
"film analysis: recommendation for the weekend","Entertainment"
"Everything about action movies: watchlist for the weekend","Entertainment"
"romantic movies explained: watchlist without spoilers","Entertainment"
"Complete color combinations styling guide for college students","Fashion"
"SQL explained: concept explanation with real projects. Practical tips and useful information.","Education"
"Complete jeans styling style guide on a budget","Fashion"
"beach destinations destination review for a weekend trip. Practical tips and useful information.","Travel"
"romantic movies top picks this week. Practical tips and useful information.","Entertainment"
"Ultimate Goa travel guide on a budget","Travel"
"baking step by step recipe on a budget","Food"
"quick snacks: traditional recipe for a quick dinner","Food"
"Best chocolate cake quick recipe for a quick dinner. Practical tips and useful information.","Food"
"homemade burger: homemade recipe at home. Practical tips and useful information.","Food"
"Best homemade burger cooking tutorial without an oven","Food"
"Complete movie recommendations interview this week. Practical tips and useful information.","Entertainment"
"gaming accessories explained: gaming tutorial for beginners","Gaming"
"Complete Mumbai travel documentary with local tips. Practical tips and useful information.","Travel"
"Complete fashion trends styling guide step by step","Fashion"
"Ultimate celebrity interviews review for movie fans","Entertainment"
"fitness motivation explained: workout at home","Fitness"
"Learn cloud technology with this technology news explained simply. Practical tips and useful information.","Technology"
"Best Hollywood movies top picks without spoilers","Entertainment"
"Complete C programming project tutorial for interview preparation","Education"
"Best sneaker styling outfit ideas with affordable pieces. Practical tips and useful information.","Fashion"
"Python programming lecture for interview preparation","Education"
"Ultimate multiplayer games gameplay for competitive players. Practical tips and useful information.","Gaming"
"Best summer fashion fashion haul step by step","Fashion"
"Learn artificial intelligence with this hands-on tutorial with real projects","Education"
"Complete competitive gaming setup guide with a complete guide","Gaming"
"Everything about chicken recipe: simple cooking idea at home","Food"
"upper body workout explained: training plan with proper form. Practical tips and useful information.","Fitness"
"music videos explained: reaction for movie fans","Entertainment"
"Learn summer fashion with this outfit inspiration for the new season","Fashion"
"Everything about soup: homemade recipe for busy days. Practical tips and useful information.","Food"
"Complete full body workout routine for beginners. Practical tips and useful information.","Fitness"
"Ultimate full body workout fitness tips with proper form. Practical tips and useful information.","Fitness"
"pizza explained: quick recipe without an oven. Practical tips and useful information.","Food"
"Everything about easy lunch: easy recipe with simple ingredients","Food"
"celebrity news: watchlist without spoilers","Entertainment"
"noodle recipe: homemade recipe with simple ingredients. Practical tips and useful information.","Food"
"Best summer fashion fashion tips for everyday wear. Practical tips and useful information.","Fashion"
"Paris explained: tourist guide for your next vacation","Travel"
"Complete home workout beginner session at home. Practical tips and useful information.","Fitness"
"Ultimate wearable technology comparison for beginners. Practical tips and useful information.","Technology"
"Learn color combinations with this outfit ideas step by step","Fashion"
"Complete noodle recipe traditional recipe on a budget","Food"
"Ultimate formal outfits lookbook step by step. Practical tips and useful information.","Fashion"
"gaming accessories explained: gaming news with the best settings","Gaming"
"Complete strength training fitness tips without equipment","Fitness"
"Learn machine learning with this tutorial for beginners","Education"
"Learn entertainment news with this top picks for the weekend","Entertainment"
"Thailand: travel vlog with a complete itinerary. Practical tips and useful information.","Travel"
"Learn movie reviews with this watchlist without spoilers. Practical tips and useful information.","Entertainment"
"Netflix series explained: recommendation with spoilers","Entertainment"
"office outfits outfit ideas for everyday wear","Fashion"
"Complete gaming laptops review for new players","Gaming"
"college outfits fashion tips for the new season. Practical tips and useful information.","Fashion"
"Learn gaming laptops with this gaming news with tips and tricks","Gaming"
"cloud technology hands-on review in 2026. Practical tips and useful information.","Technology"
"Everything about music releases: review explained. Practical tips and useful information.","Entertainment"
"Complete gaming setup gameplay with tips and tricks","Gaming"
"open world games explained: gaming tutorial for beginners","Gaming"
"Complete sneaker styling fashion haul on a budget","Fashion"
"morning yoga explained: training session at home. Practical tips and useful information.","Fitness"
"vegetarian recipe explained: simple cooking idea on a budget","Food"
"GTA gaming tutorial with tips and tricks. Practical tips and useful information.","Gaming"
"GTA explained: gaming news for new players","Gaming"
"leg workout explained: routine step by step. Practical tips and useful information.","Fitness"
"Learn Bollywood movies with this top picks for movie fans. Practical tips and useful information.","Entertainment"
"Ultimate baking step by step recipe at home. Practical tips and useful information.","Food"
"action movies explained: trailer for the weekend","Entertainment"
"Best vegetarian recipe quick recipe without an oven. Practical tips and useful information.","Food"
"Complete budget travel tourist guide with a complete itinerary","Travel"
"software technology explained: technology news for beginners","Technology"
"home workout: workout for a healthy lifestyle. Practical tips and useful information.","Fitness"
"Learn Thailand with this travel vlog for your next vacation","Travel"
"web series: interview this week","Entertainment"
"Thailand explained: travel tips for solo travelers. Practical tips and useful information.","Travel"
"Everything about sandwich: traditional recipe without an oven. Practical tips and useful information.","Food"
"solo travel destination review on a budget. Practical tips and useful information.","Travel"
"Complete cloud technology technology guide and what it means for the future. Practical tips and useful information.","Technology"
"Learn budget travel with this travel tips for solo travelers. Practical tips and useful information.","Travel"
"rice recipe explained: quick recipe on a budget. Practical tips and useful information.","Food"
"Complete fashion trends outfit inspiration for beginners. Practical tips and useful information.","Fashion"
"Ultimate chicken recipe step by step recipe with easy instructions. Practical tips and useful information.","Food"
"Ultimate JavaScript study guide for college students. Practical tips and useful information.","Education"
"muscle building explained: exercise tutorial step by step. Practical tips and useful information.","Fitness"
"Best chicken recipe traditional recipe for busy days","Food"
"5G technology latest trends and what it means for the future. Practical tips and useful information.","Technology"
"Learn summer fashion with this outfit ideas for a modern look. Practical tips and useful information.","Fashion"
"Complete Bali destination guide for your next vacation","Travel"
"game releases explained: gameplay highlights with tips and tricks","Gaming"
"Learn C programming with this study guide with coding exercises","Education"
"emerging technologies explained: industry update explained simply. Practical tips and useful information.","Technology"
"Best Kerala travel tips for a weekend trip","Travel"
"homemade burger 15 minute recipe for beginners. Practical tips and useful information.","Food"
"Ultimate AI tools innovation report in 2026","Technology"
"Complete Delhi trip planning guide with a complete itinerary. Practical tips and useful information.","Travel"
"technology trends explained: hands-on review and what it means for the future. Practical tips and useful information.","Technology"
"Everything about celebrity news: watchlist explained","Entertainment"
"Everything about entertainment news: reaction for the weekend. Practical tips and useful information.","Entertainment"
"weekend trips travel tips with a complete itinerary. Practical tips and useful information.","Travel"
"data science full course with practical examples","Education"
"Best fashion styling trend report for beginners","Fashion"
"Learn Java programming with this practice session from scratch","Education"
"baking traditional recipe with simple ingredients","Food"
"Everything about generative AI: future predictions and what it means for the future","Technology"
"Learn C programming with this complete guide from scratch. Practical tips and useful information.","Education"
"Learn beach destinations with this trip planning guide on a budget","Travel"
"Ultimate AI tools technology explained you should know. Practical tips and useful information.","Technology"
"Best celebrity news watchlist for the weekend. Practical tips and useful information.","Entertainment"
"pasta homemade recipe for a quick dinner","Food"
"Ultimate mobility exercises workout step by step","Fitness"
"Delhi trip planning guide for first-time visitors","Travel"
"London travel tips for your next vacation","Travel"
"Complete beach destinations itinerary for solo travelers","Travel"
"PC gaming explained: gameplay highlights for competitive players. Practical tips and useful information.","Gaming"
"Dubai explained: tourist guide for first-time visitors. Practical tips and useful information.","Travel"
"Complete leg workout routine with proper form","Fitness"
"Ultimate 5G technology industry update with real examples","Technology"
"Ultimate Japan destination review for first-time visitors. Practical tips and useful information.","Travel"
"Everything about programming fundamentals: full course for college students. Practical tips and useful information.","Education"
"mobility exercises: workout challenge without equipment","Fitness"
"Ultimate JavaScript complete guide with coding exercises","Education"
"Best morning yoga workout challenge without equipment","Fitness"
"Everything about abs workout: fitness tutorial for a healthy lifestyle","Fitness"
"Complete computer networks practice session for interview preparation","Education"
"Everything about dessert: beginner cooking guide on a budget","Food"
"Complete internet technology technology guide for beginners","Technology"
"dessert: traditional recipe for busy days. Practical tips and useful information.","Food"
"Ultimate SQL full course with real projects","Education"
"Complete software technology latest trends with real examples. Practical tips and useful information.","Technology"
"Learn Japan with this destination review for your next vacation","Travel"
"Complete game releases gaming news you should try","Gaming"
"Learn virtual reality with this future predictions explained simply","Technology"
"Best Netflix series trailer for movie fans","Entertainment"
"Everything about vegetarian recipe: cooking tutorial for a quick dinner. Practical tips and useful information.","Food"
"discrete mathematics complete guide for interview preparation. Practical tips and useful information.","Education"
"Best mobile games review for competitive players. Practical tips and useful information.","Gaming"
"Learn Minecraft with this gameplay highlights with a complete guide","Gaming"
"Best workout routine routine for building strength. Practical tips and useful information.","Fitness"
"Complete Indian breakfast healthy recipe with simple ingredients","Food"
"Learn muscle building with this fitness tips for beginners","Fitness"
"Ultimate Python programming concept explanation from scratch. Practical tips and useful information.","Education"
"home workout: training plan without equipment","Fitness"
"workout routine explained: workout challenge for building strength","Fitness"
"Complete leg workout exercise tutorial without equipment. Practical tips and useful information.","Fitness"
"Europe trip planning guide with a complete itinerary","Travel"
"Complete college outfits outfit ideas for beginners","Fashion"
"future technology explained: technology guide and what it means for the future","Technology"
"Learn competitive gaming with this gameplay with the best settings","Gaming"
"Everything about movie recommendations: trailer this week. Practical tips and useful information.","Entertainment"
"Everything about Japan: travel tips on a budget","Travel"
"Complete smartphones innovation report in the real world","Technology"
"Everything about bodyweight exercises: fitness tips for beginners","Fitness"
"artificial intelligence comparison and what it means for the future","Technology"
"flexibility training fitness tutorial step by step","Fitness"
"Best competitive gaming game analysis with tips and tricks. Practical tips and useful information.","Gaming"
"Indian breakfast healthy recipe for busy days","Food"
"Ultimate sneaker styling outfit ideas for college students","Fashion"
"Complete Indian breakfast quick recipe for beginners","Food"
"easy lunch explained: healthy recipe for busy days. Practical tips and useful information.","Food"
"Complete computer hardware technology news and what it means for the future. Practical tips and useful information.","Technology"
"role playing games: gaming news for new players. Practical tips and useful information.","Gaming"
"Best Indian curry beginner cooking guide on a budget","Food"
"Best 5G technology latest trends in 2026","Technology"
"Complete fitness motivation routine with proper form","Fitness"
"Best Xbox games gaming tutorial for beginners","Gaming"
"Learn casual outfits with this trend report on a budget","Fashion"
"Everything about celebrity interviews: review this week","Entertainment"
"discrete mathematics: study guide for college students","Education"
"Japan: trip planning guide with a complete itinerary. Practical tips and useful information.","Travel"
"Everything about cloud technology: technology guide with real examples. Practical tips and useful information.","Technology"
"Ultimate comedy movies discussion for the weekend","Entertainment"
"programming fundamentals: complete guide from scratch. Practical tips and useful information.","Education"
"JavaScript: practice session for beginners. Practical tips and useful information.","Education"
"Best Minecraft tips and tricks for competitive players","Gaming"
"Everything about formal outfits: outfit ideas for the new season","Fashion"
"Learn Indian breakfast with this simple cooking idea at home","Food"
"Best Call of Duty gaming news for beginners","Gaming"
"Everything about weekend trips: destination guide with local tips. Practical tips and useful information.","Travel"
"cardio workout explained: workout for building strength. Practical tips and useful information.","Fitness"
"Best SQL project tutorial step by step. Practical tips and useful information.","Education"
"robotics explained: future predictions and what it means for the future","Technology"
"emerging technologies innovation report in the real world","Technology"
"Learn automation with this future predictions with real examples. Practical tips and useful information.","Technology"
"Everything about competitive gaming: game analysis for competitive players","Gaming"
"Best quick snacks cooking tutorial at home","Food"
"artificial intelligence latest trends you should know","Technology"
"Learn formal outfits with this style guide for everyday wear","Fashion"
"Everything about virtual reality: technology news for beginners. Practical tips and useful information.","Technology"
"Best home workout beginner session for busy people","Fitness"
"beach destinations travel vlog for a weekend trip","Travel"
"Ultimate easy lunch beginner cooking guide for a quick dinner","Food"
"Everything about PC gaming: gaming tutorial with the best settings","Gaming"
"Learn PlayStation games with this review for beginners","Gaming"
"automation explained: innovation report with real examples. Practical tips and useful information.","Technology"
"Everything about artificial intelligence: exam preparation for interview preparation","Education"
"Learn fashion trends with this styling guide step by step. Practical tips and useful information.","Fashion"
"Everything about color combinations: fashion tutorial for college students","Fashion"
"music releases: interview for the weekend","Entertainment"
"Learn leg workout with this workout with proper form","Fitness"
"Everything about winter outfits: fashion tips with affordable pieces. Practical tips and useful information.","Fashion"
"beach destinations explained: travel guide with local tips","Travel"
"Everything about PC gaming: beginner guide with the best settings. Practical tips and useful information.","Gaming"
"Kerala explained: travel guide for your next vacation","Travel"
"movie trailers news update explained","Entertainment"
"Learn entertainment news with this news update for the weekend","Entertainment"
"Best vegetarian recipe healthy recipe for beginners","Food"
"game releases review for new players. Practical tips and useful information.","Gaming"
"beach destinations: travel guide for a weekend trip","Travel"
"Everything about workout routine: routine with proper form. Practical tips and useful information.","Fitness"
"mountain destinations: budget travel guide with a complete itinerary. Practical tips and useful information.","Travel"
"database management explained: hands-on tutorial with real projects. Practical tips and useful information.","Education"
"Everything about college outfits: trend report for beginners. Practical tips and useful information.","Fashion"
"Dubai explained: itinerary with places to visit","Travel"
"gym workout routine for beginners","Fitness"
"Learn algorithms with this tutorial with real projects","Education"
"Ultimate office outfits fashion haul step by step","Fashion"
"weekend entertainment recommendation without spoilers. Practical tips and useful information.","Entertainment"
"Ultimate computer processors industry update you should know","Technology"
